dep_code;dep_libelle;annee;pop_total;taux_crimes_pour_mille;nuance_liste_gagnante;pct_voix_liste_gagnante;pct_vote_extreme_gauche;pct_vote_gauche;pct_vote_centre;pct_vote_droite;pct_vote_extreme_droite;pct_policiers_municipaux;pct_foyers_imposes;revenu_fiscal_moyen_par_foyer;ratio_actifs_retraites;pct_individuel_pur;pct_individuel_groupe;pct_collectif;pct_residence;pct_pop_0_14;pct_pop_15_29;pct_pop_30_64;pct_pop_64plus;pct_demandeurs_emploi;pct_naissances;pct_personnes_rsa
01;Ain;2019;652432.0;32.15;EXTREME DROITE;24.31;0.63;29.88;28.33;10.64;30.53;0.0238;55.62;31.52;2.03;39.85;12.33;43.1;4.72;19.76;16.06;46.21;17.97;6.76;1.06;1.92
02;Aisne;2019;531345.0;38.98;EXTREME DROITE;39.88;0.99;23.78;21.58;7.19;46.46;0.0145;43.64;22.63;1.66;44.4;12.85;22.24;20.51;18.65;16.42;44.31;20.62;10.18;1.02;5.98
03;Allier;2019;335975.0;33.69;EXTREME DROITE;25.44;0.98;31.17;26.1;11.13;30.61;0.0182;48.93;22.64;1.2;61.71;10.1;12.76;15.43;14.97;14.4;43.05;27.58;8.39;0.83;4.86
04;Alpes-de-Haute-Provence;2019;164308.0;42.27;EXTREME DROITE;27.16;0.73;34.25;25.24;6.51;33.26;0.0426;48.52;24.47;1.36;50.19;10.21;36.86;2.74;15.6;13.68;44.36;26.36;9.95;0.83;3.79
05;Hautes-Alpes;2019;141220.0;36.04;EXTREME DROITE;23.49;0.84;36.11;26.38;7.68;28.98;0.0262;52.1;24.59;1.48;43.15;10.99;45.68;0.18;16.01;13.94;45.55;24.5;9.81;0.86;2.7
06;Alpes-Maritimes;2019;1094283.0;56.03;EXTREME DROITE;29.81;0.35;25.34;27.41;11.44;35.48;0.1141;55.65;29.33;1.68;14.29;3.34;81.16;1.22;15.89;15.54;44.18;24.39;9.36;1.06;3.63
07;Ardèche;2019;328278.0;29.49;EXTREME DROITE;23.49;0.94;35.71;23.83;10.35;29.19;0.0174;49.36;24.2;1.43;63.87;22.65;13.38;0.1;16.39;13.9;44.7;25.01;9.47;0.91;2.94
08;Ardennes;2019;270582.0;35.45;EXTREME DROITE;35.92;1.08;25.61;23.23;8.14;41.95;0.0344;43.63;22.5;1.53;48.98;13.37;16.72;20.93;17.38;15.82;45.23;21.57;9.06;0.95;6.21
09;Ariège;2019;153287.0;33.83;EXTREME DROITE;24.71;1.01;42.26;21.53;5.2;29.99;0.0157;44.53;21.27;1.31;64.21;24.88;8.99;1.93;15.3;13.68;44.68;26.35;9.52;0.79;5.48
10;Aube;2019;310242.0;38.86;EXTREME DROITE;33.43;0.75;23.12;24.65;10.81;40.69;0.03;48.37;24.63;1.61;35.19;13.24;39.93;11.64;18.18;17.0;43.21;21.61;9.5;1.0;5.0
11;Aude;2019;374070.0;42.29;EXTREME DROITE;31.24;0.7;35.06;21.84;5.89;36.49;0.0564;42.91;21.64;1.29;57.06;18.93;16.9;7.11;16.05;14.16;43.63;26.17;9.98;0.86;6.82
12;Aveyron;2019;279595.0;23.15;CENTRE;24.0;0.91;34.82;29.77;9.71;24.79;0.0136;49.48;24.2;1.26;46.46;13.1;39.83;0.6;15.03;13.84;43.59;27.54;6.42;0.78;2.22
13;Bouches-du-Rhône;2019;2043110.0;64.99;EXTREME DROITE;29.46;0.49;32.64;24.57;7.66;34.63;0.0739;50.62;26.75;1.85;17.04;8.71;67.55;6.7;17.72;17.61;44.19;20.49;14.65;1.24;6.97
14;Calvados;2019;694905.0;33.47;EXTREME DROITE;23.02;0.98;33.04;29.08;8.2;28.71;0.0258;50.14;26.12;1.64;35.94;12.06;51.18;0.82;16.85;18.11;43.29;21.75;8.21;0.95;3.11
15;Cantal;2019;144692.0;22.82;CENTRE;21.88;0.88;28.59;28.27;16.78;25.47;0.009;50.2;22.7;1.18;63.74;11.07;4.2;20.99;13.98;13.04;44.82;28.15;5.36;0.7;1.96
16;Charente;2019;352015.0;35.18;EXTREME DROITE;25.56;1.11;34.03;27.12;7.17;30.57;0.0173;47.3;23.62;1.41;66.38;12.8;9.41;11.41;15.43;14.75;44.51;25.3;8.59;0.85;4.72
17;Charente-Maritime;2019;651358.0;41.39;EXTREME DROITE;25.26;0.8;32.5;28.69;7.68;30.31;0.031;50.37;25.56;1.27;45.12;16.16;33.82;4.9;14.79;14.2;43.25;27.76;9.04;0.79;3.33
18;Cher;2019;302306.0;33.83;EXTREME DROITE;27.43;0.66;30.34;26.81;8.48;33.69;0.0235;50.74;23.87;1.37;45.04;8.4;7.18;39.38;15.71;14.48;43.98;25.82;8.12;0.92;4.85
19;Corrèze;2019;240073.0;28.64;EXTREME DROITE;21.35;0.98;37.84;25.38;9.82;25.98;0.0133;51.33;24.09;1.27;62.28;10.08;19.22;8.42;14.61;14.16;43.74;27.49;7.06;0.76;1.97
21;Côte-d'Or;2019;534124.0;35.88;EXTREME DROITE;23.91;0.82;31.41;28.79;9.4;29.57;0.0242;55.18;27.92;1.73;26.62;4.21;68.24;0.93;16.25;19.18;43.53;21.04;7.45;0.95;2.6
22;Côtes-d'Armor;2019;600582.0;28.28;CENTRE;24.21;1.1;37.76;29.3;8.31;23.54;0.0145;50.06;25.26;1.29;66.2;14.4;15.22;4.19;16.47;14.27;43.13;26.13;7.93;0.85;2.72
23;Creuse;2019;116617.0;25.21;EXTREME DROITE;24.38;1.21;34.95;24.26;9.68;29.89;0.0;46.01;20.25;1.03;91.71;3.31;4.42;0.55;13.29;12.52;43.84;30.35;7.03;0.66;3.04
24;Dordogne;2019;413223.0;27.54;EXTREME DROITE;25.3;0.83;36.44;24.91;7.08;30.74;0.0157;45.64;22.67;1.2;71.64;12.65;12.0;3.71;14.03;13.06;43.81;29.09;8.1;0.72;3.59
25;Doubs;2019;543974.0;33.89;EXTREME DROITE;22.54;0.98;32.45;27.47;10.38;28.73;0.0221;56.13;28.16;1.86;36.31;14.35;44.14;5.21;18.41;18.29;43.65;19.65;7.85;1.06;3.88
26;Drôme;2019;516762.0;42.94;EXTREME DROITE;23.4;0.85;35.27;25.66;9.05;29.17;0.043;50.11;25.55;1.66;45.85;11.91;32.92;9.32;18.22;15.51;44.3;21.97;9.81;1.06;3.32
27;Eure;2019;599507.0;32.12;EXTREME DROITE;31.64;1.01;27.16;25.73;7.58;38.53;0.02;50.55;25.87;1.82;60.72;14.42;17.17;7.69;19.32;15.8;45.45;19.42;8.46;1.03;3.8
28;Eure-et-Loir;2019;431575.0;31.3;EXTREME DROITE;27.88;0.81;26.56;27.7;9.75;35.18;0.0232;54.15;26.81;1.75;37.46;17.54;35.35;9.66;19.19;15.5;44.81;20.5;8.15;1.06;3.28
29;Finistère;2019;915090.0;33.05;CENTRE;25.18;1.0;40.48;30.43;7.67;20.43;0.0081;51.45;26.13;1.43;56.55;8.46;27.53;7.46;16.27;16.16;44.34;23.23;7.92;0.87;2.67
2A;Corse-du-Sud;2019;158507.0;33.06;EXTREME DROITE;29.75;0.41;33.54;21.43;11.05;33.57;0.0353;52.3;26.19;1.67;37.18;18.56;39.23;5.03;15.68;13.55;46.68;24.09;7.3;0.85;2.18
2B;Haute-Corse;2019;181933.0;30.46;EXTREME DROITE;26.52;0.47;37.08;19.55;13.13;29.76;0.0181;46.12;23.36;1.5;26.87;17.32;53.87;1.94;15.29;15.9;45.63;23.19;6.71;0.83;3.04
30;Gard;2019;748437.0;45.42;EXTREME DROITE;32.11;0.63;31.59;23.3;7.22;37.23;0.0827;45.84;23.94;1.5;41.42;12.13;35.27;11.18;17.03;15.61;44.24;23.12;10.58;1.0;6.84
31;Haute-Garonne;2019;1400039.0;56.17;CENTRE;22.9;0.75;41.78;28.19;6.45;22.81;0.0446;55.59;29.09;2.37;21.44;15.38;61.54;1.63;17.56;20.81;44.95;16.68;9.17;1.13;4.22
32;Gers;2019;191377.0;25.67;EXTREME DROITE;22.65;0.89;36.52;26.37;7.89;28.32;0.0136;47.75;23.52;1.28;65.53;18.74;14.29;1.44;14.91;12.99;44.4;27.7;6.65;0.73;2.58
33;Gironde;2019;1623749.0;53.62;CENTRE;23.36;0.75;37.89;28.75;6.81;25.79;0.0317;52.79;27.95;1.97;32.74;13.66;43.28;10.33;17.01;18.73;44.95;19.31;9.12;1.04;3.73
34;Hérault;2019;1175623.0;58.71;EXTREME DROITE;28.58;0.61;35.08;24.15;6.61;33.56;0.0799;46.59;24.94;1.7;24.49;8.56;53.78;13.17;16.76;18.57;42.97;21.7;11.15;1.06;5.53
35;Ille-et-Vilaine;2019;1079498.0;33.62;CENTRE;26.97;0.98;39.99;32.65;7.48;18.89;0.0207;53.7;28.12;1.98;32.14;6.47;53.3;8.09;18.63;19.42;43.91;18.05;7.66;1.08;2.71
36;Indre;2019;219316.0;29.76;EXTREME DROITE;28.42;1.11;30.21;25.2;9.03;34.41;0.016;47.19;22.37;1.25;66.74;26.47;6.79;0.0;14.7;13.84;43.31;28.15;7.7;0.81;4.06
37;Indre-et-Loire;2019;610079.0;39.21;CENTRE;23.34;0.9;34.18;29.57;8.97;26.37;0.0341;53.27;26.44;1.73;39.78;10.0;49.38;0.84;17.03;17.74;43.58;21.64;8.55;0.98;3.74
38;Isère;2019;1271166.0;50.56;CENTRE;22.31;0.75;36.59;27.55;7.94;27.15;0.0275;56.52;28.78;1.96;26.44;9.03;54.58;9.95;18.9;18.13;44.51;18.47;7.48;1.1;2.97
39;Jura;2019;259199.0;30.41;EXTREME DROITE;24.55;1.0;32.57;26.19;9.24;31.01;0.0162;53.49;25.83;1.53;62.76;11.59;25.42;0.22;16.81;15.01;44.53;23.65;6.71;0.91;1.99
40;Landes;2019;413690.0;32.2;CENTRE;22.95;0.84;37.12;28.42;6.95;26.65;0.0268;50.44;26.3;1.4;43.42;14.37;39.86;2.36;15.76;13.53;45.42;25.28;8.91;0.84;2.8
41;Loir-et-Cher;2019;329470.0;31.41;EXTREME DROITE;27.15;0.89;28.41;27.39;9.09;34.22;0.0197;51.68;25.37;1.46;69.9;16.44;11.73;1.92;16.78;14.5;43.79;24.93;7.72;0.89;3.53
42;Loire;2019;765634.0;39.77;EXTREME DROITE;24.6;0.81;31.51;26.9;10.54;30.25;0.0422;49.48;24.88;1.53;43.2;9.67;33.72;13.42;18.11;16.96;42.52;22.41;8.27;1.1;4.03
43;Haute-Loire;2019;227570.0;26.37;EXTREME DROITE;22.48;0.93;29.1;22.83;19.56;27.59;0.0123;49.1;23.65;1.37;72.1;4.56;23.12;0.23;16.59;14.61;44.57;24.24;7.29;0.86;2.02
44;Loire-Atlantique;2019;1429272.0;53.53;CENTRE;25.63;0.98;41.14;31.3;7.66;18.95;0.0214;54.58;28.69;1.98;37.55;6.79;50.77;4.89;18.84;18.33;44.46;18.37;8.37;1.13;3.3
45;Loiret;2019;680434.0;34.92;EXTREME DROITE;25.26;0.77;28.67;29.8;9.27;31.47;0.0447;54.96;26.95;1.84;38.63;14.56;35.99;10.82;19.08;17.02;43.83;20.07;8.62;1.15;3.98
46;Lot;2019;174094.0;28.65;CENTRE;22.15;0.89;40.13;27.33;7.48;24.16;0.0126;49.34;23.57;1.18;73.44;9.53;14.36;2.67;13.79;12.59;43.74;29.88;8.17;0.71;3.02
47;Lot-et-Garonne;2019;331271.0;34.77;EXTREME DROITE;29.45;0.78;30.4;25.41;7.38;36.03;0.0226;45.71;22.99;1.33;48.74;19.55;16.32;15.38;15.9;14.41;43.26;26.43;8.89;0.9;4.31
48;Lozère;2019;76604.0;24.59;EXTREME DROITE;22.03;0.82;34.1;24.53;13.29;27.27;0.0131;44.87;22.19;1.32;58.22;13.93;21.45;6.41;15.2;14.5;44.6;25.7;5.86;0.75;1.85
49;Maine-et-Loire;2019;818273.0;31.71;CENTRE;26.85;1.09;33.66;32.93;8.92;23.4;0.0134;49.39;25.98;1.78;41.09;11.05;24.64;23.22;18.36;18.36;43.0;20.29;8.9;1.04;3.07
50;Manche;2019;495045.0;24.07;CENTRE;23.61;1.0;31.22;29.59;8.76;29.45;0.0115;49.45;24.81;1.36;68.21;6.87;13.98;10.93;16.21;14.86;43.98;24.95;6.72;0.89;2.22
51;Marne;2019;566855.0;42.24;EXTREME DROITE;30.24;0.84;24.65;28.28;9.85;36.41;0.0302;52.75;27.47;1.85;20.42;7.25;54.86;17.47;17.68;18.92;43.82;19.58;8.21;1.08;4.25
52;Haute-Marne;2019;172512.0;36.29;EXTREME DROITE;36.12;0.91;22.35;24.27;9.22;43.25;0.0081;45.81;22.5;1.37;68.87;14.4;16.73;0.0;15.73;15.22;44.2;24.84;7.57;0.83;3.86
53;Mayenne;2019;307062.0;26.74;CENTRE;25.88;1.01;30.7;33.81;9.33;25.17;0.0055;48.66;24.9;1.55;47.56;7.39;21.5;23.55;18.54;15.93;43.43;22.1;6.58;0.98;2.11
54;Meurthe-et-Moselle;2019;733760.0;35.55;EXTREME DROITE;26.42;0.92;32.97;26.24;7.38;32.46;0.0237;47.99;25.81;1.7;27.13;12.11;42.97;17.79;16.87;19.63;43.97;19.52;7.54;0.95;4.75
55;Meuse;2019;184083.0;32.32;EXTREME DROITE;34.09;0.96;24.67;25.24;7.81;41.33;0.0109;46.32;23.31;1.45;70.07;19.01;10.56;0.35;16.72;15.51;44.85;22.92;7.36;0.84;4.02
56;Morbihan;2019;759684.0;30.25;CENTRE;25.69;0.99;34.47;31.51;8.09;24.92;0.0186;52.05;26.2;1.36;62.65;9.71;25.55;2.09;16.52;14.61;44.27;24.6;7.94;0.88;2.58
57;Moselle;2019;1046543.0;32.2;EXTREME DROITE;29.12;1.08;28.29;26.69;7.19;36.75;0.029;46.86;26.28;1.62;32.4;8.88;50.19;8.52;16.74;16.61;46.82;19.83;7.91;0.98;4.05
58;Nièvre;2019;204452.0;33.57;EXTREME DROITE;28.04;1.02;30.94;26.48;7.08;34.47;0.0157;48.38;22.22;1.11;70.49;10.82;17.7;0.98;14.26;13.59;42.65;29.5;6.47;0.74;4.39
59;Nord;2019;2608346.0;53.11;EXTREME DROITE;29.56;0.9;31.9;26.0;6.26;34.91;0.0339;44.87;24.89;1.95;18.25;14.13;58.59;9.04;19.4;19.76;43.72;17.13;10.0;1.19;7.36
60;Oise;2019;829419.0;38.42;EXTREME DROITE;32.93;0.96;26.34;25.47;8.01;39.23;0.0356;52.48;27.56;2.05;32.67;15.71;44.05;7.57;19.91;17.19;45.74;17.16;8.14;1.15;4.17
61;Orne;2019;279942.0;27.98;EXTREME DROITE;26.83;1.0;26.55;28.04;10.51;33.9;0.0104;46.43;23.18;1.29;65.27;10.72;12.82;11.19;16.18;14.94;42.95;25.93;7.43;0.84;3.94
62;Pas-de-Calais;2019;1465278.0;38.95;EXTREME DROITE;38.07;1.19;27.51;21.63;5.95;43.71;0.0191;41.65;22.53;1.71;40.35;20.62;27.84;11.18;19.05;17.42;44.55;18.98;9.16;1.06;6.38
63;Puy-de-Dôme;2019;662152.0;37.2;CENTRE;21.18;0.95;37.17;29.16;9.27;23.42;0.019;54.39;26.08;1.61;33.5;7.62;47.62;11.25;16.28;17.78;44.19;21.74;7.88;0.97;3.84
64;Pyrénées-Atlantiques;2019;682621.0;32.38;CENTRE;25.17;0.98;38.78;30.5;8.06;21.71;0.027;52.49;27.28;1.52;38.96;11.43;41.17;8.44;15.48;15.27;45.08;24.17;7.89;0.86;3.06
65;Hautes-Pyrénées;2019;229567.0;35.07;EXTREME DROITE;22.18;1.0;38.78;26.4;6.36;27.47;0.0218;46.86;22.66;1.3;60.9;14.68;23.22;1.2;14.39;14.75;43.91;26.96;9.16;0.79;3.6
66;Pyrénées-Orientales;2019;479979.0;53.92;EXTREME DROITE;33.14;0.75;31.41;22.26;7.05;38.51;0.0892;44.89;22.35;1.3;45.15;10.48;41.52;2.85;16.15;14.73;42.87;26.24;11.84;0.9;8.08
67;Bas-Rhin;2019;1140057.0;32.85;CENTRE;23.96;0.71;29.9;30.57;9.57;29.25;0.0262;55.53;28.5;2.02;24.27;12.13;61.21;2.39;16.86;18.79;45.87;18.48;7.62;1.05;4.01
68;Haut-Rhin;2019;767086.0;32.19;EXTREME DROITE;25.84;0.76;28.15;29.0;8.49;33.63;0.0284;56.7;30.67;1.88;29.69;10.61;57.98;1.72;17.51;16.23;46.37;19.9;7.96;1.0;3.64
69;Rhône;2019;1875747.0;63.72;CENTRE;26.25;0.58;35.52;31.93;10.71;21.26;0.0441;57.06;31.27;2.27;16.76;7.65;69.54;6.05;18.98;20.94;43.06;17.02;10.92;1.34;4.42
70;Haute-Saône;2019;235313.0;29.14;EXTREME DROITE;32.8;1.22;27.03;22.79;9.14;39.8;0.0072;48.91;23.88;1.48;77.07;10.86;11.61;0.45;17.12;14.66;45.16;23.05;7.41;0.87;2.63
71;Saône-et-Loire;2019;551493.0;29.94;EXTREME DROITE;25.3;0.99;29.32;26.74;11.54;31.42;0.0158;49.96;24.9;1.36;59.51;10.38;17.83;12.28;16.16;14.25;43.76;25.83;7.98;0.86;2.86
72;Sarthe;2019;566412.0;40.52;EXTREME DROITE;26.28;1.15;32.23;25.4;9.09;32.15;0.0115;50.39;24.98;1.56;52.68;15.08;18.34;13.91;18.02;16.63;43.29;22.06;8.8;1.01;4.02
73;Savoie;2019;436434.0;38.21;CENTRE;22.31;0.68;34.72;27.72;9.91;26.95;0.0307;59.02;28.72;1.83;22.5;10.48;56.13;10.89;17.28;16.21;45.77;20.74;7.49;1.0;1.99
74;Haute-Savoie;2019;826094.0;37.99;CENTRE;25.32;0.54;33.64;31.36;10.56;23.9;0.0353;59.14;36.7;2.39;17.54;9.16;67.86;5.44;19.03;16.53;47.35;17.09;7.39;1.19;1.72
75;Paris;2019;2165423.0;142.18;CENTRE;32.92;0.44;42.52;37.1;10.18;9.76;0.0;64.29;48.3;2.85;3.8;0.98;71.51;23.7;14.0;22.51;46.41;17.08;18.46;1.26;4.11
76;Seine-Maritime;2019;1255633.0;42.46;EXTREME DROITE;27.61;1.0;32.79;26.16;6.8;33.24;0.029;49.42;25.62;1.74;30.28;11.97;41.41;16.34;18.04;18.21;43.7;20.05;9.27;1.12;5.57
77;Seine-et-Marne;2019;1421197.0;42.62;EXTREME DROITE;24.4;0.7;31.98;28.26;7.87;31.19;0.0563;57.75;29.39;2.62;15.12;7.44;67.23;10.21;20.85;18.52;45.82;14.8;7.18;1.31;3.89
78;Yvelines;2019;1448207.0;39.69;CENTRE;29.96;0.51;31.46;36.85;12.45;18.7;0.0394;64.61;40.42;2.47;14.41;5.8;64.81;14.97;20.28;17.71;45.43;16.57;6.66;1.28;2.96
79;Deux-Sèvres;2019;374878.0;29.82;CENTRE;23.66;1.24;36.11;29.63;7.52;25.48;0.0101;48.82;24.76;1.51;69.47;16.39;12.95;1.18;17.24;14.73;44.61;23.43;7.05;0.89;2.98
80;Somme;2019;570559.0;40.77;EXTREME DROITE;33.37;0.94;26.64;26.21;6.58;39.59;0.0254;45.95;23.95;1.7;24.21;13.72;49.47;12.6;17.43;18.71;43.77;20.09;9.37;0.98;5.12
81;Tarn;2019;389844.0;32.11;EXTREME DROITE;25.65;0.9;34.41;25.27;7.78;31.66;0.0254;47.07;23.93;1.34;71.35;14.18;11.62;2.85;16.28;14.62;43.94;25.16;8.4;0.86;4.32
82;Tarn-et-Garonne;2019;260669.0;30.03;EXTREME DROITE;29.74;0.72;31.72;23.91;7.34;36.31;0.0303;45.65;23.33;1.55;59.83;19.38;20.72;0.07;18.3;14.8;44.66;22.23;9.83;0.98;4.04
83;Var;2019;1076711.0;48.09;EXTREME DROITE;33.54;0.42;23.55;26.81;9.61;39.59;0.0954;52.21;27.28;1.38;25.08;8.53;62.73;3.66;15.51;14.64;43.63;26.23;8.81;0.98;4.53
84;Vaucluse;2019;561469.0;44.7;EXTREME DROITE;32.5;0.54;29.36;24.68;7.24;38.18;0.0837;46.97;24.26;1.65;42.78;23.39;32.54;1.29;17.9;15.72;44.1;22.29;11.09;1.12;5.07
85;Vendée;2019;685442.0;28.52;CENTRE;26.81;0.9;28.67;33.28;10.09;27.08;0.0174;51.29;26.21;1.42;64.73;14.03;19.88;1.36;17.42;14.28;43.86;24.44;7.89;0.87;1.66
86;Vienne;2019;438435.0;34.5;EXTREME DROITE;22.58;1.26;36.13;27.62;7.35;27.64;0.0119;50.22;24.41;1.6;54.27;16.16;14.38;15.19;16.51;18.72;42.7;22.07;7.25;0.93;4.59
87;Haute-Vienne;2019;372359.0;30.01;EXTREME DROITE;21.37;1.04;38.42;26.52;8.23;25.8;0.0244;49.75;24.24;1.38;61.48;10.7;13.8;14.02;15.43;16.62;43.1;24.86;7.34;0.91;4.18
88;Vosges;2019;364499.0;33.24;EXTREME DROITE;30.3;1.02;27.16;24.87;8.74;38.21;0.025;46.51;23.36;1.46;63.19;15.56;15.65;5.6;16.01;15.17;44.67;24.15;8.42;0.86;4.49
89;Yonne;2019;335707.0;37.13;EXTREME DROITE;31.85;0.82;26.48;24.9;8.67;39.1;0.0191;49.72;24.07;1.43;44.49;21.07;15.37;19.08;16.99;14.46;44.07;24.48;7.63;0.94;4.07
90;Territoire de Belfort;2019;141318.0;34.86;EXTREME DROITE;27.11;1.08;30.33;26.07;9.21;33.29;0.0283;53.86;26.81;1.8;48.3;12.42;39.28;0.0;17.66;17.95;44.53;19.86;8.67;1.03;5.05
91;Essonne;2019;1301659.0;42.38;CENTRE;23.67;0.62;36.66;30.6;7.28;24.85;0.0383;60.13;31.77;2.68;16.66;7.47;69.55;6.32;20.75;18.89;45.11;15.25;6.89;1.42;4.06
92;Hauts-de-Seine;2019;1624357.0;49.56;CENTRE;33.57;0.49;34.45;40.4;11.84;12.8;0.0438;66.6;45.97;2.86;2.1;1.63;94.45;1.82;19.21;18.84;46.75;15.19;7.18;1.37;3.07
93;Seine-Saint-Denis;2019;1644903.0;72.79;CENTRE;17.74;1.09;45.94;26.7;5.02;21.27;0.0378;42.69;21.77;3.23;2.7;1.99;85.95;9.36;22.8;19.7;45.44;12.06;10.29;1.73;9.76
94;Val-de-Marne;2019;1407124.0;53.14;CENTRE;25.6;0.64;41.18;32.31;7.82;18.06;0.0298;57.65;31.5;2.78;3.92;1.43;65.63;29.03;19.7;19.49;45.88;14.93;7.61;1.45;5.49
95;Val-d'Oise;2019;1249674.0;53.54;CENTRE;22.86;0.74;35.98;30.33;7.75;25.2;0.0466;53.82;28.58;2.84;10.56;5.25;69.83;14.36;22.05;19.04;45.25;13.66;8.14;1.58;5.41
971;Guadeloupe;2019;384239.0;46.71;NON COMMUNIQUE;29.81;0.82;31.83;21.43;9.33;36.03;0.0867;32.66;17.94;1.99;48.98;17.98;29.14;3.9;17.88;16.56;46.09;19.47;15.93;1.2;3.4699999999999998
972;Martinique;2019;364508.0;40.8;NON COMMUNIQUE;29.81;0.82;31.83;21.43;9.33;36.03;0.0584;35.95;19.56;1.96;32.74;15.91;45.52;5.83;16.06;15.74;47.03;21.17;13.74;1.03;3.4699999999999998
973;Guyane;2019;281678.0;49.74;NON COMMUNIQUE;29.81;0.82;31.83;21.43;9.33;36.03;0.044;27.35;18.59;5.07;6.39;21.68;62.38;9.55;32.21;23.24;38.75;5.8;8.6;2.88;3.4699999999999998
974;La Réunion;2019;861210.0;29.72;NON COMMUNIQUE;29.81;0.82;31.83;21.43;9.33;36.03;0.0343;29.1;18.63;3.01;37.33;16.16;31.32;15.19;22.49;19.57;45.69;12.25;18.88;1.53;3.4699999999999998
976;Mayotte;2019;269579.0;29.74;NON COMMUNIQUE;29.81;0.82;31.83;21.43;9.33;36.03;0.0597;18.11;13.12;10.14;16.82;30.22;45.15;7.82;43.77;23.1;30.46;2.67;5.43;3.62;3.4699999999999998
01;Ain;2024;683034.0;35.91;EXTREME DROITE;36.53;0.62;28.18;16.86;9.71;44.61;0.0265;48.47;36.65;2.05;20.95;16.06;45.14;17.85;19.21;15.89;45.78;19.12;6.53;0.91;1.67
02;Aisne;2024;521152.0;44.5;EXTREME DROITE;50.64;0.91;20.39;12.8;8.45;57.42;0.0186;37.91;25.7;1.67;22.11;21.94;41.27;14.68;17.79;16.35;43.58;22.28;9.29;0.9;5.07
03;Allier;2024;333234.0;37.85;EXTREME DROITE;36.7;0.81;27.69;14.6;12.8;44.14;0.0207;40.07;25.66;1.22;56.43;13.75;17.5;12.32;14.48;14.48;41.97;29.07;7.94;0.75;4.17
04;Alpes-de-Haute-Provence;2024;168908.0;44.62;EXTREME DROITE;36.3;0.78;32.6;14.08;7.84;44.69;0.0438;40.27;26.96;1.34;39.64;17.25;30.89;12.23;15.15;13.4;43.52;27.93;9.16;0.76;2.99
05;Hautes-Alpes;2024;141906.0;41.2;EXTREME DROITE;31.06;0.7;35.05;16.39;8.84;39.01;0.0289;43.31;27.82;1.44;27.06;7.67;55.7;9.57;14.58;13.18;44.65;27.59;9.02;0.79;2.01
06;Alpes-Maritimes;2024;1124992.0;53.98;EXTREME DROITE;37.73;0.46;25.01;15.15;10.03;49.35;0.1079;48.32;32.95;1.73;11.09;5.75;68.68;14.49;15.06;15.7;43.91;25.34;8.26;0.88;2.02
07;Ardèche;2024;335833.0;32.64;EXTREME DROITE;34.71;0.83;32.28;14.27;9.8;42.81;0.0194;41.2;27.3;1.41;48.01;19.74;17.66;14.59;15.91;13.53;43.94;26.62;8.75;0.73;2.27
08;Ardennes;2024;264556.0;38.89;EXTREME DROITE;45.92;0.86;22.08;13.61;10.37;53.06;0.0363;37.78;25.63;1.51;50.23;26.59;22.73;0.45;16.77;15.62;44.09;23.52;8.85;0.82;4.72
09;Ariège;2024;156304.0;38.53;EXTREME DROITE;32.52;0.9;37.83;11.39;10.23;39.65;0.0218;36.12;23.79;1.3;59.77;23.18;16.28;0.77;14.7;14.04;43.68;27.58;8.92;0.66;4.58
10;Aube;2024;311187.0;41.05;EXTREME DROITE;44.12;0.58;21.97;14.58;11.12;51.75;0.0353;41.78;28.05;1.62;31.38;20.96;37.98;9.68;17.19;17.36;42.45;22.99;8.5;0.83;4.13
11;Aude;2024;379190.0;47.7;EXTREME DROITE;40.57;0.61;30.43;12.23;8.02;48.71;0.0649;35.63;24.7;1.28;38.38;14.85;34.76;12.02;14.94;14.11;42.98;27.97;9.62;0.74;5.8
12;Aveyron;2024;278821.0;27.79;EXTREME DROITE;28.18;0.7;31.1;17.17;15.57;35.43;0.0158;40.16;27.06;1.26;47.9;16.11;35.22;0.77;14.36;13.79;43.44;28.4;6.33;0.67;1.65
13;Bouches-du-Rhône;2024;2083682.0;75.1;EXTREME DROITE;36.85;0.49;33.78;13.31;6.75;45.63;0.0803;46.8;26.81;1.5750000000000002;12.05;9.33;68.47;10.15;16.51;17.7;44.02;21.76;13.78;1.08;5.41
14;Calvados;2024;709128.0;36.43;EXTREME DROITE;30.29;0.69;32.55;20.12;9.91;36.73;0.0279;45.01;29.91;1.66;24.08;14.3;49.87;11.75;15.95;18.06;42.3;23.69;7.48;0.82;2.45
15;Cantal;2024;143964.0;24.78;EXTREME DROITE;33.67;0.64;25.57;15.43;18.24;40.1;0.0097;39.81;25.89;1.18;61.64;7.14;28.31;2.91;13.38;13.21;43.51;29.9;5.05;0.65;1.41
16;Charente;2024;350672.0;40.39;EXTREME DROITE;35.22;0.89;30.92;16.53;9.86;41.8;0.0188;41.65;27.13;1.42;27.03;23.09;31.52;18.36;14.75;14.84;43.36;27.05;8.32;0.76;3.95
17;Charente-Maritime;2024;677189.0;41.89;EXTREME DROITE;32.94;0.6;30.55;18.4;10.11;40.35;0.0313;44.08;29.6;1.28;35.57;21.91;27.52;15.01;13.85;14.08;42.24;29.82;7.97;0.68;2.61
18;Cher;2024;297019.0;37.13;EXTREME DROITE;37.95;0.96;27.11;15.88;10.28;45.76;0.0239;42.72;26.97;1.36;34.5;9.7;45.95;9.86;15.46;14.7;42.77;27.07;7.09;0.8;4.24
19;Corrèze;2024;239704.0;31.35;EXTREME DROITE;32.58;0.71;32.36;13.93;13.94;39.06;0.0159;42.52;27.21;1.29;36.52;21.09;25.07;17.31;13.9;14.29;42.66;29.15;6.58;0.67;1.6
21;Côte-d'Or;2024;538508.0;39.79;EXTREME DROITE;33.4;0.79;30.69;17.27;10.35;40.87;0.0305;49.24;31.66;1.77;19.7;10.49;50.64;19.18;15.32;19.55;42.67;22.46;6.96;0.8;2.3
22;Côtes-d'Armor;2024;613301.0;31.69;EXTREME DROITE;28.21;0.98;36.02;18.55;10.18;34.26;0.0152;44.25;29.05;1.32;43.34;16.84;37.05;2.78;15.61;14.34;42.35;27.7;7.26;0.75;2.24
23;Creuse;2024;114600.0;30.31;EXTREME DROITE;35.4;1.05;30.8;13.14;12.86;42.12;0.0;35.96;23.24;1.03;65.78;11.23;20.86;2.14;13.05;12.41;42.38;32.16;6.75;0.62;2.55
24;Dordogne;2024;417397.0;29.58;EXTREME DROITE;34.74;0.88;31.37;14.56;10.79;42.41;0.0161;38.76;25.95;1.19;43.88;22.65;27.87;5.61;13.41;12.8;43.01;30.77;7.43;0.64;2.94
25;Doubs;2024;550255.0;35.53;EXTREME DROITE;33.66;0.83;30.74;16.62;11.08;40.72;0.0207;50.34;32.8;1.88;29.14;16.4;50.62;3.85;17.33;18.73;43.12;20.82;7.49;0.9;3.48
26;Drôme;2024;523457.0;46.29;EXTREME DROITE;33.24;0.81;33.95;14.97;9.02;41.23;0.0506;42.71;29.04;1.65;33.27;13.86;49.62;3.25;17.29;15.2;44.1;23.4;9.24;0.9;2.78
27;Eure;2024;601853.0;36.39;EXTREME DROITE;42.66;0.75;25.32;15.4;9.16;49.35;0.0223;44.7;29.25;1.76;28.79;12.06;41.83;17.31;18.44;15.61;44.76;21.19;7.31;0.91;3.2
28;Eure-et-Loir;2024;433304.0;33.66;EXTREME DROITE;37.99;0.78;26.83;16.29;10.5;45.62;0.0258;47.19;30.33;1.76;20.92;15.59;60.08;3.4;18.32;15.59;44.15;21.95;7.43;0.92;2.84
29;Finistère;2024;933628.0;33.59;EXTREME DROITE;24.89;0.91;39.51;19.46;9.44;30.68;0.0112;46.79;30.0;1.44;41.36;14.18;38.42;6.03;15.24;15.92;43.66;25.18;7.36;0.76;1.92
2A;Corse-du-Sud;2024;170513.0;30.49;EXTREME DROITE;41.65;0.22;19.93;16.08;11.22;52.52;0.0369;46.21;30.42;1.68;28.15;9.86;60.62;1.37;16.19;13.05;45.99;24.76;6.0;0.68;1.71
2B;Haute-Corse;2024;186724.0;30.13;EXTREME DROITE;39.96;0.3;21.88;13.24;14.35;50.22;0.0193;40.64;26.96;1.56;20.8;7.11;67.65;4.44;13.77;15.7;45.38;25.15;6.17;0.71;2.11
30;Gard;2024;772243.0;44.58;EXTREME DROITE;40.42;0.52;30.56;12.88;7.32;48.72;0.0966;38.73;26.86;1.5;38.68;13.05;32.31;15.96;16.25;15.59;43.25;24.91;9.6;0.85;5.71
31;Haute-Garonne;2024;1489751.0;52.39;EXTREME DROITE;25.48;0.61;42.17;16.1;8.73;32.37;0.0493;48.48;31.83;2.45;16.67;13.19;49.69;20.44;16.57;21.08;44.85;17.5;8.96;0.97;3.7
32;Gers;2024;192920.0;31.83;EXTREME DROITE;31.63;0.68;31.83;14.86;13.21;39.42;0.0192;39.6;26.77;1.26;48.48;23.35;27.99;0.18;14.2;13.05;43.58;29.17;6.35;0.64;2.35
33;Gironde;2024;1704597.0;53.32;EXTREME DROITE;28.88;0.59;36.31;17.43;9.79;35.85;0.039;47.69;31.97;2.02;19.66;13.77;51.79;14.78;16.05;18.64;45.0;20.31;8.36;0.9;3.1
34;Hérault;2024;1241541.0;58.05;EXTREME DROITE;34.98;0.55;35.4;13.56;7.29;43.19;0.088;40.76;28.37;1.75;24.25;13.45;52.08;10.21;15.71;18.62;42.73;22.95;10.39;0.86;4.76
35;Ille-et-Vilaine;2024;1126416.0;39.46;EXTREME DROITE;22.25;0.84;40.89;20.5;10.01;27.74;0.0241;48.22;32.33;2.06;24.05;8.22;48.93;18.8;17.52;19.79;43.68;19.0;7.45;0.95;2.58
36;Indre;2024;214525.0;38.49;EXTREME DROITE;40.08;0.95;25.47;15.39;10.96;47.21;0.0196;39.72;25.29;1.23;49.85;15.38;22.77;12.0;14.33;13.8;42.26;29.61;6.75;0.71;3.46
37;Indre-et-Loire;2024;619310.0;43.85;EXTREME DROITE;28.45;0.83;35.02;18.88;9.85;35.41;0.0358;46.25;30.38;1.75;28.25;14.13;50.56;7.06;15.96;18.21;42.62;23.21;7.82;0.88;3.39
38;Isère;2024;1302971.0;53.93;EXTREME DROITE;31.26;0.77;37.36;15.99;7.77;38.14;0.035;49.64;32.56;1.98;23.15;11.36;49.77;15.72;17.74;18.18;44.25;19.83;6.85;0.96;2.57
39;Jura;2024;257644.0;32.24;EXTREME DROITE;34.8;0.84;29.23;15.74;11.84;42.33;0.0194;46.57;29.97;1.52;51.32;21.24;23.35;4.09;16.14;14.79;43.91;25.16;6.48;0.74;1.65
40;Landes;2024;436872.0;37.94;EXTREME DROITE;30.56;0.59;30.97;16.52;14.05;37.89;0.0307;43.61;29.14;1.4;31.08;15.12;51.55;2.25;14.78;13.43;44.71;27.08;8.16;0.71;2.31
41;Loir-et-Cher;2024;328012.0;37.49;EXTREME DROITE;37.21;0.79;27.46;17.04;9.98;44.72;0.021;44.53;28.63;1.43;35.49;18.71;32.38;13.42;15.94;14.53;43.0;26.53;7.06;0.81;3.3
42;Loire;2024;775357.0;46.21;EXTREME DROITE;35.95;0.78;30.93;15.21;9.59;43.46;0.0459;41.52;28.15;1.58;18.67;16.04;30.26;35.03;17.35;17.4;41.83;23.42;7.85;0.94;3.85
43;Haute-Loire;2024;228010.0;28.87;EXTREME DROITE;37.77;0.85;26.35;13.15;14.45;45.18;0.0184;40.2;27.27;1.37;53.61;15.79;24.24;6.36;15.82;14.55;43.55;26.09;6.85;0.76;1.61
44;Loire-Atlantique;2024;1498959.0;46.03;EXTREME DROITE;22.62;0.81;42.09;19.25;9.18;28.67;0.0255;49.33;32.89;2.05;31.73;7.18;52.87;8.22;17.56;18.5;44.39;19.55;7.27;0.97;2.81
45;Loiret;2024;689845.0;37.76;EXTREME DROITE;34.8;0.73;29.58;17.91;9.76;42.03;0.0481;47.58;30.28;1.85;18.42;15.07;39.33;27.18;17.95;17.38;43.17;21.49;8.03;1.01;3.49
46;Lot;2024;176103.0;30.52;EXTREME DROITE;26.66;0.85;37.31;15.45;12.88;33.48;0.0114;40.86;26.87;1.16;65.36;16.88;15.99;1.78;12.98;12.14;42.6;32.28;7.72;0.61;2.49
47;Lot-et-Garonne;2024;332318.0;38.74;EXTREME DROITE;38.62;0.67;27.25;13.99;11.24;46.82;0.0277;37.99;25.88;1.36;38.76;30.67;21.68;8.89;15.45;14.24;42.52;27.78;8.22;0.77;3.55
48;Lozère;2024;76512.0;24.32;EXTREME DROITE;31.93;0.66;30.35;13.8;16.01;39.17;0.017;39.28;25.48;1.32;62.32;19.46;11.82;6.4;14.41;14.82;43.39;27.38;5.51;0.65;1.51
49;Maine-et-Loire;2024;832858.0;34.15;EXTREME DROITE;26.7;0.85;33.96;22.03;10.3;32.83;0.0172;43.0;29.84;1.82;23.33;12.0;47.59;17.08;17.49;18.81;42.41;21.29;7.84;0.93;2.44
50;Manche;2024;496331.0;28.7;EXTREME DROITE;31.21;0.81;29.66;20.59;11.51;37.43;0.0115;44.18;29.0;1.36;37.5;15.07;43.58;3.85;15.53;14.6;43.15;26.72;6.01;0.8;1.84
51;Marne;2024;560550.0;47.54;EXTREME DROITE;40.31;0.65;24.35;17.07;10.57;47.37;0.0344;46.84;31.34;1.86;30.29;16.0;35.21;18.5;16.45;18.94;43.03;21.58;7.87;0.92;3.66
52;Haute-Marne;2024;168009.0;35.8;EXTREME DROITE;47.13;0.75;19.97;13.4;11.56;54.33;0.0113;40.31;25.63;1.35;53.11;6.21;32.77;7.91;14.98;15.14;42.69;27.18;6.67;0.74;3.34
53;Mayenne;2024;303859.0;32.65;EXTREME DROITE;29.61;0.84;27.42;26.2;9.77;35.76;0.0066;42.36;29.06;1.57;27.41;11.03;47.12;14.44;17.22;16.57;42.52;23.69;6.22;0.93;1.83
54;Meurthe-et-Moselle;2024;730498.0;40.38;EXTREME DROITE;35.79;0.83;32.13;15.95;8.4;42.69;0.0242;42.94;29.97;1.72;15.32;8.5;68.67;7.51;16.03;19.56;43.64;20.78;6.66;0.8;4.17
55;Meuse;2024;178231.0;37.58;EXTREME DROITE;46.03;0.75;20.81;15.09;9.64;53.67;0.0112;40.7;26.93;1.43;48.5;14.97;32.34;4.19;15.75;15.18;43.56;25.51;7.07;0.73;3.14
56;Morbihan;2024;785243.0;34.95;EXTREME DROITE;28.57;0.81;33.29;20.39;10.04;35.44;0.0214;46.81;30.64;1.36;28.9;14.26;47.83;9.02;15.31;14.61;43.12;26.95;7.04;0.76;2.01
57;Moselle;2024;1050897.0;34.04;EXTREME DROITE;40.51;0.8;26.93;15.79;8.08;48.4;0.0339;40.24;30.53;1.62;20.34;8.47;55.57;15.61;16.11;16.54;45.81;21.54;7.07;0.83;3.36
58;Nièvre;2024;200541.0;37.28;EXTREME DROITE;38.89;0.9;28.38;15.19;9.31;46.2;0.018;40.19;25.1;1.1;66.09;17.82;14.94;1.15;13.72;13.8;41.48;31.0;6.06;0.67;3.92
59;Nord;2024;2616167.0;52.6;EXTREME DROITE;37.34;0.82;32.02;15.9;7.84;43.39;0.0321;46.8;26.81;1.5750000000000002;10.89;17.1;53.68;18.33;18.02;19.89;43.37;18.72;9.2;1.02;5.76
60;Oise;2024;830031.0;41.69;EXTREME DROITE;43.28;0.8;25.7;14.36;8.32;50.82;0.0369;46.59;30.75;2.0;25.05;28.51;45.45;1.0;19.14;17.2;45.06;18.6;7.68;1.02;3.59
61;Orne;2024;273419.0;36.34;EXTREME DROITE;36.25;0.83;25.18;18.01;12.42;43.55;0.0102;39.8;26.4;1.3;35.51;8.13;56.36;0.0;15.34;14.73;41.95;27.98;6.76;0.79;3.36
62;Pas-de-Calais;2024;1453532.0;43.41;EXTREME DROITE;47.46;0.96;22.88;14.02;8.88;53.22;0.0272;37.39;25.97;1.73;15.28;15.97;50.32;18.43;17.94;17.36;43.85;20.85;8.02;0.96;5.04
63;Puy-de-Dôme;2024;664135.0;40.01;EXTREME DROITE;29.96;0.8;35.82;16.18;10.95;36.23;0.0241;46.04;29.42;1.64;31.08;14.73;38.31;15.88;15.44;18.05;43.39;23.11;7.45;0.82;3.2
64;Pyrénées-Atlantiques;2024;708825.0;35.68;EXTREME DROITE;25.18;0.71;34.11;18.29;14.37;32.51;0.0323;45.83;31.17;1.53;30.35;16.82;34.51;18.31;14.63;15.12;44.49;25.76;7.31;0.76;2.54
65;Hautes-Pyrénées;2024;232145.0;36.99;EXTREME DROITE;31.99;0.67;32.61;15.59;12.09;39.04;0.0314;39.07;25.15;1.3;30.18;14.07;24.18;31.58;13.95;14.8;43.19;28.05;8.17;0.72;3.0
66;Pyrénées-Orientales;2024;500103.0;54.13;EXTREME DROITE;43.38;0.59;27.83;12.47;7.08;52.0;0.1006;36.47;24.98;1.32;39.58;12.53;46.17;1.72;15.57;14.62;42.55;27.26;11.31;0.81;7.74
67;Bas-Rhin;2024;1164797.0;37.01;EXTREME DROITE;31.55;0.78;30.3;19.38;9.87;39.67;0.0277;49.36;32.31;2.02;13.78;9.51;60.93;15.78;15.93;18.8;45.17;20.1;7.06;0.89;3.23
68;Haut-Rhin;2024;766549.0;35.29;EXTREME DROITE;35.97;0.71;26.86;18.3;9.01;45.11;0.0322;50.89;35.75;1.86;19.6;19.41;58.01;2.99;16.3;15.98;45.75;21.96;7.38;0.87;3.17
69;Rhône;2024;1924716.0;66.88;EXTREME DROITE;23.66;0.81;39.48;18.22;10.22;31.24;0.0482;51.0;35.23;2.4;12.02;6.66;64.42;16.89;17.48;21.35;43.36;17.81;10.31;1.11;3.91
70;Haute-Saône;2024;232626.0;33.36;EXTREME DROITE;45.8;0.89;23.19;13.3;9.5;53.09;0.0082;41.54;27.0;1.44;64.72;27.98;6.81;0.49;15.96;14.63;44.21;25.2;6.89;0.77;2.15
71;Saône-et-Loire;2024;546754.0;32.13;EXTREME DROITE;37.76;0.87;27.1;16.31;10.69;45.02;0.021;43.48;28.3;1.36;38.71;24.73;25.05;11.51;15.43;14.11;42.82;27.64;7.4;0.75;2.31
72;Sarthe;2024;564913.0;39.43;EXTREME DROITE;35.87;0.93;30.16;17.1;9.36;42.46;0.0138;43.2;28.19;1.57;33.82;13.89;25.26;27.02;17.06;16.86;42.58;23.51;7.81;0.9;3.22
73;Savoie;2024;450451.0;41.83;EXTREME DROITE;31.56;0.56;33.26;16.77;10.01;39.39;0.038;52.56;33.67;1.81;20.16;8.8;66.84;4.21;16.37;16.07;45.38;22.18;7.08;0.87;1.72
74;Haute-Savoie;2024;863640.0;42.91;EXTREME DROITE;29.32;0.64;31.39;19.78;10.08;38.08;0.041;50.79;43.4;2.44;17.95;11.89;55.92;14.23;18.22;16.14;47.72;17.92;7.27;1.02;1.39
75;Paris;2024;2070806.0;112.42;GAUCHE;22.86;0.44;53.26;19.51;10.88;15.87;0.0845;46.8;26.81;1.5750000000000002;2.86;3.79;49.31;44.03;12.26;23.24;46.13;18.37;19.03;1.04;3.62
76;Seine-Maritime;2024;1260312.0;46.32;EXTREME DROITE;36.36;0.86;32.46;16.03;8.27;42.4;0.0308;43.47;28.78;1.76;18.5;21.2;56.49;3.82;17.16;18.25;42.87;21.72;8.12;0.97;4.67
77;Seine-et-Marne;2024;1470763.0;45.8;EXTREME DROITE;33.71;0.71;35.23;14.69;8.0;41.35;0.0497;51.31;32.74;2.63;12.89;10.76;67.62;8.74;19.81;18.73;45.42;16.04;7.5;1.16;3.35
78;Yvelines;2024;1483576.0;42.03;EXTREME DROITE;20.53;0.53;36.54;20.99;12.55;29.41;0.0435;59.03;45.38;2.54;15.53;9.79;64.25;10.43;19.4;18.1;45.22;17.29;7.04;1.15;2.56
79;Deux-Sèvres;2024;374890.0;31.29;EXTREME DROITE;29.74;0.84;33.11;19.7;10.47;35.87;0.0139;42.32;28.41;1.52;33.94;30.3;18.06;17.7;16.1;15.11;43.92;24.87;6.36;0.76;2.48
80;Somme;2024;561656.0;46.28;EXTREME DROITE;42.56;0.84;24.43;15.28;11.22;48.25;0.0281;40.65;27.33;1.72;15.66;22.11;58.55;3.68;16.45;18.57;43.18;21.81;8.31;0.89;3.91
81;Tarn;2024;399634.0;33.29;EXTREME DROITE;33.88;0.67;32.48;13.72;11.68;41.46;0.0288;39.04;26.93;1.36;33.93;27.95;34.91;3.22;15.29;14.74;43.06;26.91;7.94;0.71;3.68
82;Tarn-et-Garonne;2024;267035.0;33.2;EXTREME DROITE;38.81;0.66;28.47;12.52;11.15;47.19;0.027;39.22;26.66;1.56;38.46;38.83;21.31;1.41;17.53;15.03;43.94;23.5;9.58;0.83;3.31
83;Var;2024;1126788.0;50.77;EXTREME DROITE;43.23;0.4;21.95;15.0;8.14;54.49;0.105;45.62;31.74;1.39;18.67;9.71;48.5;23.12;14.82;14.31;43.14;27.73;7.8;0.84;3.77
84;Vaucluse;2024;572065.0;51.9;EXTREME DROITE;40.24;0.52;28.87;13.49;7.14;49.96;0.0879;39.81;27.39;1.68;35.49;21.96;34.08;8.47;16.86;15.21;43.76;24.18;10.69;0.94;3.3
85;Vendée;2024;717667.0;31.2;EXTREME DROITE;32.21;0.82;25.86;21.74;11.86;39.72;0.0212;45.07;30.65;1.4;46.93;18.15;32.78;2.14;15.69;14.75;42.73;26.84;6.96;0.72;1.19
86;Vienne;2024;437691.0;36.55;EXTREME DROITE;30.35;1.0;34.56;17.72;10.13;36.58;0.0142;42.42;27.3;1.6;25.95;13.15;37.66;23.25;15.73;18.96;41.91;23.39;7.03;0.83;4.2
87;Haute-Vienne;2024;371847.0;36.04;EXTREME DROITE;31.6;0.89;36.43;14.83;10.2;37.66;0.025;42.23;27.0;1.41;46.97;22.92;25.28;4.83;14.54;16.95;42.15;26.35;6.91;0.79;3.79
88;Vosges;2024;354450.0;34.94;EXTREME DROITE;41.96;0.9;24.22;15.4;10.08;49.4;0.0302;40.74;26.81;1.43;47.65;22.41;28.91;1.04;15.09;14.93;43.62;26.36;7.72;0.75;3.85
89;Yonne;2024;331845.0;40.77;EXTREME DROITE;41.45;0.78;26.26;14.36;9.47;49.1;0.0229;43.05;27.36;1.43;38.81;21.85;39.16;0.17;16.33;14.18;43.55;25.93;7.46;0.81;3.52
90;Territoire de Belfort;2024;138987.0;35.89;EXTREME DROITE;36.85;0.81;30.0;15.17;9.41;44.64;0.0302;47.21;30.48;1.76;35.06;19.16;30.19;15.58;17.01;18.14;43.6;21.26;8.58;0.87;4.36
91;Essonne;2024;1337492.0;48.01;EXTREME DROITE;25.9;0.77;41.03;17.32;7.76;33.12;0.041;53.13;34.38;2.76;9.86;7.26;55.14;27.75;19.84;19.3;44.73;16.13;6.95;1.28;3.6
92;Hauts-de-Seine;2024;1658614.0;50.96;CENTRE;19.55;0.74;43.1;21.93;12.99;21.26;0.0434;46.8;26.81;1.5750000000000002;1.62;2.26;77.37;18.75;17.3;19.78;46.87;16.05;7.3;1.19;2.52
93;Seine-Saint-Denis;2024;1702158.0;69.25;GAUCHE;37.13;1.24;61.4;10.08;4.72;22.57;0.0449;38.27;24.53;3.36;4.52;2.23;69.31;23.95;20.6;20.8;45.26;13.34;10.24;1.47;8.1
94;Val-de-Marne;2024;1424361.0;53.72;GAUCHE;21.19;0.86;48.84;16.54;8.38;25.34;0.0347;51.64;34.74;2.86;2.15;1.29;57.42;39.13;17.92;20.34;45.64;16.1;7.85;1.24;4.72
95;Val-d'Oise;2024;1282581.0;53.86;EXTREME DROITE;25.51;0.99;43.89;14.75;7.42;32.93;0.0582;47.39;31.42;2.9;11.84;6.74;75.12;6.31;20.71;19.49;44.78;15.02;8.1;1.36;4.58
971;Guadeloupe;2024;381909.0;55.66;EXTREME DROITE;30.05;5.65;35.63;16.72;4.47;37.55;0.0893;24.81;20.22;1.97;48.56;28.44;15.52;7.48;16.13;15.33;45.25;23.29;14.31;0.94;3.4699999999999998
972;Martinique;2024;357590.0;44.17;GAUCHE;18.63;3.05;42.33;20.83;5.84;27.94;0.0604;28.48;22.13;1.93;28.24;15.24;46.02;10.51;14.99;14.16;46.08;24.77;11.83;0.81;3.4699999999999998
973;Guyane;2024;291774.0;52.21;EXTREME DROITE;25.62;1.82;40.56;13.42;7.32;36.85;0.0586;23.96;20.27;4.91;7.39;25.27;64.99;2.35;30.69;22.77;39.27;7.27;9.62;2.35;3.4699999999999998
974;La Réunion;2024;892102.0;34.83;EXTREME DROITE;31.71;1.04;39.95;10.97;6.11;41.92;0.0379;22.79;21.18;2.93;27.99;17.5;41.39;13.12;21.02;18.14;45.74;15.1;17.29;1.32;3.4699999999999998
976;Mayotte;2024;320282.0;39.39;EXTREME DROITE;52.42;0.88;15.96;8.38;14.53;60.24;0.0721;16.07;17.93;13.73;11.06;21.96;57.96;9.02;43.76;23.1;30.47;2.66;5.77;2.78;3.4699999999999998
